feature,age_lo,age_hi,sex,lo,hi,n_raw,n_weighted,events_weighted,rate
ATC95,0,50,0,0.0,3776.799999999999,154,2304.491499999999,1.0,0.00043393520870005397
ATC95,0,50,0,3776.799999999999,6076.0,77,1074.9404999999997,6.0,0.005581704289679291
ATC95,0,50,0,6076.0,7424.0,77,1103.0514999999996,4.0,0.0036263039395712723
ATC95,0,50,0,7424.0,8519.0,75,1086.9959999999996,3.0,0.002759899760440702
ATC95,0,50,0,8519.0,9517.800000000001,78,1075.9404999999997,7.0,0.00650593596950761
ATC95,0,50,0,9517.800000000001,10364.4,77,1074.9404999999997,6.0,0.005581704289679291
ATC95,0,50,0,10364.4,11329.199999999999,77,1060.8849999999998,7.0,0.00659826465639537
ATC95,0,50,0,11329.199999999999,12328.0,76,1017.7185000000002,9.0,0.008843309815042173
ATC95,0,50,0,12328.0,13451.0,77,1131.1624999999995,2.0,0.0017680925596454983
ATC95,0,50,0,13451.0,14586.6,77,1060.8849999999998,7.0,0.00659826465639537
ATC95,0,50,0,14586.6,15593.6,77,1103.0514999999996,4.0,0.0036263039395712723
ATC95,0,50,0,15593.6,17271.600000000002,77,1117.1069999999995,3.0,0.0026855081921427415
ATC95,0,50,0,17271.600000000002,19965.800000000003,77,1088.9959999999996,5.0,0.004591385092323573
ATC95,0,50,0,19965.800000000003,49466.0,77,1088.9959999999996,5.0,0.004591385092323573
ATC95,0,50,1,0.0,2884.266666666667,54,798.9415000000004,1.0,0.0012516560974739697
ATC95,0,50,1,2884.266666666667,7051.8,27,322.1655,6.0,0.018623968115766585
ATC95,0,50,1,7051.8,9209.933333333334,27,378.3875,2.0,0.00528558686531664
ATC95,0,50,1,9209.933333333334,10604.666666666666,27,378.3875,2.0,0.00528558686531664
ATC95,0,50,1,10604.666666666666,11650.800000000003,27,350.2765,4.0,0.011419549984084003
ATC95,0,50,1,11650.800000000003,13055.066666666666,27,392.443,1.0,0.0025481407491024176
ATC95,0,50,1,13055.066666666666,14292.333333333334,26,391.443,0.0,0.0
ATC95,0,50,1,14292.333333333334,15109.199999999999,27,392.443,1.0,0.0025481407491024176
ATC95,0,50,1,15109.199999999999,16035.666666666664,27,392.443,1.0,0.0025481407491024176
ATC95,0,50,1,16035.666666666664,17313.13333333333,27,406.4985,0.0,0.0
ATC95,0,50,1,17313.13333333333,19279.000000000007,27,378.3875,2.0,0.00528558686531664
ATC95,0,50,1,19279.000000000007,20854.266666666666,27,378.3875,2.0,0.00528558686531664
ATC95,0,50,1,20854.266666666666,23163.2,27,392.443,1.0,0.0025481407491024176
ATC95,0,50,1,23163.2,47554.0,27,392.443,1.0,0.0025481407491024176
ATC95,50,60,0,0.0,3695.4,80,1091.9959999999999,8.0,0.007326034161297295
ATC95,50,60,0,3695.4,5539.8,39,516.8870000000001,5.0,0.009673294162940835
ATC95,50,60,0,5539.8,6862.0,40,489.77600000000007,8.0,0.016333997582568354
ATC95,50,60,0,6862.0,8072.0,39,516.8870000000001,5.0,0.009673294162940835
ATC95,50,60,0,8072.0,9086.0,40,517.8870000000001,6.0,0.01158553893030719
ATC95,50,60,0,9086.0,9919.0,40,503.83150000000006,7.0,0.01389353385010663
ATC95,50,60,0,9919.0,10549.2,39,516.8870000000001,5.0,0.009673294162940835
ATC95,50,60,0,10549.2,11548.599999999999,40,545.998,4.0,0.007326034161297294
ATC95,50,60,0,11548.599999999999,12483.0,39,474.7205,8.0,0.016852021347298043
ATC95,50,60,0,12483.0,13291.599999999999,40,574.109,2.0,0.003483659026421812
ATC95,50,60,0,13291.599999999999,14305.600000000002,40,531.9425000000001,5.0,0.009399512165318619
ATC95,50,60,0,14305.600000000002,15969.400000000001,39,432.55400000000003,11.0,0.025430350892605313
ATC95,50,60,0,15969.400000000001,18276.4,40,588.1645000000001,1.0,0.0017002046196259717
ATC95,50,60,0,18276.4,194565.0,40,503.83150000000006,7.0,0.01389353385010663
ATC95,60,70,0,0.0,1235.1999999999994,45,635.3310000000002,3.0,0.004721948086902731
ATC95,60,70,0,1235.1999999999994,4405.066666666667,45,508.83150000000006,12.0,0.023583445600360825
ATC95,60,70,0,4405.066666666667,5981.6,44,507.83150000000006,11.0,0.021660728017068653
ATC95,60,70,0,5981.6,7175.533333333333,45,536.9425000000001,10.0,0.01862396811576658
ATC95,60,70,0,7175.533333333333,8181.333333333333,44,479.7205,13.0,0.027099112920961267
ATC95,60,70,0,8181.333333333333,9002.0,45,466.665,15.0,0.03214297193918549
ATC95,60,70,0,9002.0,10223.933333333334,44,535.9425000000001,9.0,0.016792846247498563
ATC95,60,70,0,10223.933333333334,11228.866666666667,45,593.1645000000003,6.0,0.010115237847173924
ATC95,60,70,0,11228.866666666667,12311.0,44,535.9425000000001,9.0,0.016792846247498563
ATC95,60,70,0,12311.0,13176.333333333332,45,593.1645000000003,6.0,0.010115237847173924
ATC95,60,70,0,13176.333333333332,14215.466666666664,44,549.9980000000002,8.0,0.014545507438208862
ATC95,60,70,0,14215.466666666664,15698.599999999999,45,550.9980000000002,9.0,0.016333997582568354
ATC95,60,70,0,15698.599999999999,17328.200000000004,44,493.77600000000007,12.0,0.02430251774083795
ATC95,60,70,0,17328.200000000004,19743.26666666667,45,579.1090000000003,7.0,0.01208753447105812
ATC95,60,70,0,19743.26666666667,104606.0,45,579.1090000000003,7.0,0.01208753447105812
ATC95,60,70,1,0.0,4613.0,20,244.88799999999998,4.0,0.01633399758256836
ATC95,60,70,1,4613.0,7262.0,20,146.49949999999998,11.0,0.07508558049686177
ATC95,60,70,1,8508.0,10028.0,21,231.83249999999998,6.0,0.025880754423991462
ATC95,60,70,1,10028.0,11544.0,20,216.777,6.0,0.02767821309456262
ATC95,60,70,1,11544.0,12312.0,20,216.777,6.0,0.02767821309456262
ATC95,60,70,1,12312.0,13147.0,20,160.555,10.0,0.062283952539628165
ATC95,60,70,1,13147.0,14223.0,20,230.83249999999998,5.0,0.021660728017068656
ATC95,60,70,1,14223.0,14986.0,20,188.666,8.0,0.04240297668896357
ATC95,60,70,1,14986.0,16145.0,20,258.9435,3.0,0.011585538930307192
ATC95,60,70,1,16145.0,17135.0,20,244.88799999999998,4.0,0.01633399758256836
ATC95,60,70,1,17135.0,19013.0,20,258.9435,3.0,0.011585538930307192
ATC95,60,70,1,19013.0,20374.0,20,188.666,8.0,0.04240297668896357
ATC95,60,70,1,20374.0,23090.0,20,287.05449999999996,1.0,0.0034836590264218123
ATC95,60,70,1,23090.0,90983.0,21,231.83249999999998,6.0,0.025880754423991462
ATC95,70,200,0,0.0,3877.666666666667,121,1400.0504999999998,30.0,0.021427798497268495
ATC95,70,200,0,3877.666666666667,5583.0,60,551.9425000000002,25.0,0.04529457325717804
ATC95,70,200,0,5583.0,6879.0,61,637.2755000000003,20.0,0.031383600970067094
ATC95,70,200,0,6879.0,8001.666666666667,60,580.0535000000002,23.0,0.03965151490336666
ATC95,70,200,0,8001.666666666667,8920.0,60,580.0535000000002,23.0,0.03965151490336666
ATC95,70,200,0,8920.0,9967.333333333334,61,665.3865000000003,18.0,0.027051946500267127
ATC95,70,200,0,9967.333333333334,10649.0,60,650.3310000000002,18.0,0.027678213094562604
ATC95,70,200,0,10649.0,11478.0,60,622.2200000000003,20.0,0.032142971939185486
ATC95,70,200,0,11478.0,12307.333333333332,61,707.5530000000002,15.0,0.021199825313439412
ATC95,70,200,0,12307.333333333332,13492.0,60,720.6085000000003,13.0,0.01804030898886149
ATC95,70,200,0,13492.0,14709.0,60,692.4975000000002,15.0,0.02166072801706865
ATC95,70,200,0,14709.0,16326.0,61,609.1645000000003,22.0,0.03611503953365632
ATC95,70,200,0,16326.0,18722.666666666664,60,622.2200000000003,20.0,0.032142971939185486
ATC95,70,200,0,18722.666666666664,45044.0,61,735.6640000000003,13.0,0.017671110724461158
ATC95,70,200,1,0.0,2039.1333333333334,51,613.2200000000001,11.0,0.01793809725710185
ATC95,70,200,1,2039.1333333333334,5018.466666666667,51,514.8315000000001,18.0,0.03496289562701582
ATC95,70,200,1,5018.466666666667,7152.2,51,374.2765,28.0,0.0748110020265766
ATC95,70,200,1,7152.2,8409.6,51,486.7205000000001,20.0,0.041091345032724116
ATC95,70,200,1,8409.6,9415.666666666666,51,458.6095000000001,22.0,0.047971095234616803
ATC95,70,200,1,9415.666666666666,10260.4,51,430.49850000000004,24.0,0.0557493231683734
ATC95,70,200,1,10260.4,11149.866666666667,51,528.8870000000002,17.0,0.032142971939185486
ATC95,70,200,1,11149.866666666667,12252.333333333334,50,471.6650000000001,20.0,0.04240297668896356
ATC95,70,200,1,12252.333333333334,13159.8,51,500.77600000000007,19.0,0.0379411153889164
ATC95,70,200,1,13159.8,14335.666666666666,51,514.8315000000001,18.0,0.03496289562701582
ATC95,70,200,1,14335.666666666666,15505.799999999997,51,528.8870000000002,17.0,0.032142971939185486
ATC95,70,200,1,15505.799999999997,16858.199999999997,51,430.49850000000004,24.0,0.0557493231683734
ATC95,70,200,1,16858.199999999997,18252.466666666664,51,500.77600000000007,19.0,0.0379411153889164
ATC95,70,200,1,18252.466666666664,20598.866666666665,51,528.8870000000002,17.0,0.032142971939185486
ATC95,70,200,1,20598.866666666665,37172.0,51,486.7205000000001,20.0,0.041091345032724116
